0,1
heart,267
holder,120
metal,99
lantern,8
cream,46
cupid,2
coat,7
hanger,19
union,28
flag,12
water,36
bottl,44
nest,3
box,153
glass,149
star,59
hand,20
jack,21
warmer,17
dot,3
bird,45
ornament,1
poppi,7
playhous,4
bedroom,1
kitchen,20
feltcraft,24
princess,3
charlott,11
doll,11
ivori,54
cosi,6
colour,26
teaspoon,1
vintag,210
jigsaw,15
block,9
alphabet,13
home,49
build,3
word,3
love,9
recip,6
england,4
jam,18
jar,39
rack,14
pari,5
fashion,3
bath,8
alarm,7
clock,44
bakelik,4
pink,188
green,14
panda,1
bunni,25
sheet,8
tape,18
globe,1
head,3
tail,4
game,6
set/2,1
retrospot,90
tea,54
towel,22
round,28
snack,9
woodland,21
spaceboy,29
lunch,27
i,19
london,22
circus,12
bag,164
design,128
toadstool,13
night,5
light,26
seasid,3
puzzl,1
mini,56
parad,9
paint,1
postag,2
paper,84
chain,11
christma,137
parasol,16
coffe,24
mug,66
planet,3
billboard,7
love/h,1
wood,40
drawer,37
cabinet,21
finish,4
s/3,3
pictur,14
frame,52
wooden,14
sympathi,1
polkadot,68
baroqu,22
charli,9
lola,8
toy,18
strawberri,21
piec,14
cutleri,29
set,206
set/6,8
plate,35
pack,61
case,31
dinosaur,11
paisley,42
fairi,23
tomato,1
charlie+lola,7
coaster,15
wastepap,2
bin,12
flora,2
doorsign,2
storag,26
suki,8
make,1
pc,2
tool,3
airlin,6
loung,2
sign,64
spot,33
knob,18
photo,36
clip,12
line,1
felt,10
egg,61
chicken,5
bank,8
shoulder,5
cook,1
gin,4
+,12
breakfast,11
cup,37
saucer,10
flower,120
time,12
rabbit,28
zinc,37
winki,4
candl,121
stick,10
cherri,15
money,15
milk,13
jug,11
funki,13
beaker,10
owl,10
balloon,10
art,75
cloch,2
gumbal,2
monochrom,1
doormat,18
fanci,1
sweet,22
discount,1
snake,2
ladder,4
chocol,25
calcul,3
tidi,13
tabl,19
pot,27
garden,55
thermomet,7
cake,69
tin,66
wicker,21
basket,25
lid,6
board,9
hang,11
medina,6
chalkboard,5
lovebird,6
birdcag,2
plant,13
card,90
enamel,31
fire,8
bucket,8
bread,7
ribbon,40
wire,22
chilli,1
garland,39
butterfil,1
tale,2
cottag,15
letter,42
doorstop,10
decor,108
magnet,28
fridg,7
homemad,1
enfant,1
caravan,4
hook,38
reindeer,2
cushion,54
cover,68
duck,7
gold,38
umbrella,8
black/blu,1
diner,13
wall,55
measur,7
spoon,10
keepsak,1
disco,6
ball,18
popcorn,2
set/20,2
napkin,10
rain,3
hat,1
delux,2
kit,22
cube,5
mice,1
soldier,2
skittl,4
skip,1
rope,3
domino,2
seventeen,1
sideboard,1
parti,42
cone,8
carniv,4
candi,12
picnic,9
lamp,10
font,5
birthday,25
scotti,5
dog,24
bowl,57
cloth,3
travel,16
grey,2
trinket,23
orang,11
quilt,1
tissu,30
babushka,22
string,9
doughnut,4
silk,4
purs,20
skull,34
hous,13
boudoir,1
squar,13
cornic,4
s/6,1
sew,2
crochet,11
red,1
lavend,10
incens,15
tv,8
dinner,20
tray,34
placemat,9
famili,4
rotat,1
batteri,2
silver,72
mirror,50
ladi,3
gentlemen,1
bathroom,14
toilet,4
holiday,6
basil,2
set/10,3
t-light,22
snowmen,2
santa,3
spong,5
appl,21
pirat,3
treasur,12
chest,5
snowflak,5
oval,8
cigar,2
match,6
hour,2
giant,3
tube,21
jazz,3
notebook,22
candlehold,9
candlestick,6
baroquecandlestick,1
flannel,8
style,20
footbal,3
celebr,2
girl,14
blue,80
invit,6
butterfli,33
cooki,7
cutter,7
sweetheart,26
car,5
trelli,3
set/5,2
slate,10
bake,7
pencil,35
harmonica,2
transfer,1
tattoo,1
panneton,3
kid,10
pen,19
rectangl,3
face,1
wrap,65
cowboy,3
doili,16
plaster,6
cat,25
eras,4
angel,5
hldr,2
reel,21
spin,1
top,4
marbl,3
strand,6
necklac,85
crystal,15
squarecushion,2
children,32
candelabra,1
luggag,10
tag,15
tassl,6
charm,41
acryl,2
bangl,4
gun,1
rose,6
vanilla,10
scent,5
bell,36
stand,29
filigre,1
pattern,5
sticker,30
b'fli,5
c/cover,2
w,23
bobbl,1
boom,3
speaker,2
dress,3
shopper,4
fruit,14
parcel,1
slipper,4
shoe,6
daisi,21
peg,9
craft,13
tree,28
friend,3
rosi,2
olivia,1
rex,1
cash+carri,1
tote,7
pinkwhit,1
red/whit,1
valentin,1
decoupag,7
sock,7
baubl,5
villag,6
turquois,7
wreath,17
advent,4
calendar,9
gingham,23
sack,2
snap,1
drawerknob,1
apron,9
mushroom,7
chalk,4
hairband,4
purpl,9
anim,10
fair,3
cupcak,3
lace,13
catch,1
cotton,12
beach,7
spade,3
boy,6
king,10
choic,7
caddi,3
biscuit,16
empir,8
fawn,2
gift,48
namast,1
swagat,1
vase,2
chrysanthemum,3
scissor,5
tealight,2
place,7
s/15,1
wc,1
soap,11
medium,15
washroom,1
bracelet,61
hair,25
grip,6
pack/2,6
dia,1
diamant,29
ring,46
rubi,5
montana,3
present,2
aid,1
monsoon,1
rubber,4
stationeri,6
mitten,1
scandinavian,3
canva,4
stamp,6
cinammon,2
stripe,17
provenc,1
flock,23
offic,9
record,4
size,7
hors,9
regenc,16
cakestand,3
tier,6
longboard,1
play,2
shirt,1
repair,2
foxi,1
gent,1
jet,8
'n,1
grow,1
world,2
champion,1
seed,4
envelop,6
hi,1
polyest,6
filler,6
pad,7
scarf,6
pear,5
gazebo,1
birdhous,7
antiqu,22
market,1
crate,3
bed,1
pizza,5
leav,4
button,4
messag,1
herb,10
marker,9
mint,9
rosemari,1
chive,1
parsley,1
thyme,1
merri,2
foil,1
handbag,9
easter,39
cut,6
season,1
toast,5
path,4
journal,6
squeezer,1
glove,6
licoric,1
des,4
roll,8
multicolour,8
confetti,4
morri,9
pistachio,1
honeycomb,9
english,10
level,2
platter,3
teacup,3
slice,3
fun,7
ass,7
col,6
sand,3
gecko,1
p'weight,2
postcard,3
spring,6
chateau,5
scale,6
lizard,1
suction,4
engine/car,1
patch,9
psychedel,1
flowerpow,1
life,3
rounder,1
child,14
taper,1
confectioneri,2
stopper,1
set/4,10
junk,1
mail,1
tile,8
finger,1
beurr,1
dish,15
diet,1
screen,5
print,11
peac,3
earth,1
cocktail,3
strongman,1
school,4
crayon,1
booz,1
women,1
lad,1
man,3
heat,1
person,4
shape,17
pan,14
bendi,1
straw,5
pantri,28
sketchbook,7
sing,1
emerg,1
friez,1
door,23
joy,2
black+silv,1
regal,1
candlepot,4
swirlglass,1
pedest,1
magazin,3
food,14
raffia,6
polka,2
jardin,8
bunt,11
kashmir,1
chocolatecandl,1
shelf,8
imag,15
day,8
jewelleri,10
let,1
camouflag,3
torch,1
dragonfli,3
helicopt,6
shark,3
doctor,1
carriag,4
star+,1
moon,3
fring,1
hammock,3
dec,7
crossbon,2
fabric,5
poni,4
cordon,2
barrier,2
teddi,5
air,1
hostess,1
stack,4
hut,4
blossom,11
passport,7
retro,22
mod,1
cardhold,3
book,26
spiral,1
coal,1
airmail,1
number,22
smiley,1
collag,5
childhood,2
memori,2
funk,1
monkey,8
choc+blu,1
glitter,9
b,2
c,2
chees,1
geisha,2
newspap,1
scandispot,1
jingl,6
key,4
instrument,1
crown,1
chalet,1
motorbik,1
medicin,1
ma,4
campagn,4
yuletid,2
shade,2
base,5
folkart,5
smallfolkart,1
glass+zinc,1
set/3,8
eucalyptus,1
pinecon,1
s/4,3
cacti,2
marshmallow,2
mum,3
indian,1
fuschia,5
brocad,1
swallow,2
m,2
v,1
s,3
j,1
bingo,1
floor,3
fauna,1
ear,2
muff,3
headphon,3
tutti,9
frutti,4
brush,5
ladybird,2
bee,1
bamboo,2
rib,1
lampshad,5
badg,5
creatur,1
pocket,12
porcelain,6
brocant,4
maria,1
memo,3
room,2
sall,1
bain,1
robot,4
war,1
glider,1
coathang,1
bomb,2
pump,1
stencil,2
cute,1
toothpast,1
purdey,2
account,1
penni,1
pig,3
loveheart,1
en,1
pin,5
area,2
portrait,5
plastic,5
eleph,3
rainbow,3
model,1
clay,1
disc,1
sugar,9
teapot,5
dairi,5
maid,3
pud,7
contain,10
moodi,2
hen,16
wish,1
thank,3
planter,6
stripey,2
dragon,2
ruler,5
digitali,1
post,5
milkshak,1
babi,9
chart,1
figur,1
shine,1
armi,2
camo,1
bookcov,2
carrot,1
chick,19
chunki,9
tassel,4
glass+bead,2
livingroom,1
posi,5
vine,1
food/drink,1
lilac,3
juici,2
creepi,2
crawli,2
memoboard,1
wash,2
cafe,3
bow,4
brooch,5
amethyst,9
pair,7
hairclip,3
gemston,5
drop,23
earring,49
hoop,9
leaf,19
clam,2
shell,21
cockl,1
fob,5
garag,2
chopstick,3
frog,8
puppet,3
wine,3
candlestand,1
gaoler,1
champagn,2
curio,3
fan,7
charg,2
butter,3
farm,5
snowstorm,1
tinsel,1
space,6
cadet,3
monster,6
citronella,3
folk,3
burst,1
fanni,1
rest,3
stopmet,1
way,2
corona,1
weekend,1
coland,1
blue/cream,1
strawberi,2
shop,12
washbag,8
feng,1
shui,1
pillar,2
novelti,1
toastrack,1
rustic,3
bead,38
croquet,1
choc,4
truffl,1
cabin,2
knit,1
nanci,1
throw,2
lush,1
necklace+bracelet,5
salad,2
check,4
ludo,1
la,4
palmiera,3
display,2
pack/12,3
secateur,1
lei,1
camphor,5
field,3
portobello,1
"fairy,5",1
summer,5
b'draw,1
liner,3
blue/yellow,1
green/blu,1
yellow/pink,1
a5,1
neighbourhood,2
witch,2
pharmaci,1
salt,2
pepper,1
naughti,1
sound,1
hello,2
sailor,2
bewar,1
cinnamon,1
jasmin,2
bone,2
circl,9
midnight,7
glamour,1
frappucino,1
phone,9
blue/green,1
pendant,5
spirit,1
skirt,2
mous,3
t-shirt,1
jewel,12
nurs,1
melamin,1
wool,2
peacock,1
footprint,1
album,4
gardenia,2
multi,3
mousey,1
laundri,1
cockerel,3
bouquet,2
danish,8
cast,2
iron,5
fork,5
trowel,3
pearl,12
lime,2
boudicca,10
pennant,1
label,1
cactus,3
ream,1
pop,3
poncho,2
flask,2
keyr,2
chair,5
petit,2
dream,2
windsock,1
microwav,3
delight,2
leap,1
silicon,2
bulb,1
seat,2
madra,3
feather,7
sandalwood,1
rocket,2
sombrero,1
bitti,2
stone,5
glow,2
tiara,1
robin,1
kensington,1
set/12,1
mobil,7
s/12,2
bib,2
teatim,6
flu,1
embroideri,2
ashtray,4
shower,2
cap,2
queen,4
sky,4
economi,2
oil,3
burner,2
notelet,1
deco,4
w/knif,1
deco.whit,1
sage,1
flowerpot,1
paperweight,2
balm,1
tumbler,3
brown,3
travelogu,2
pink/whit,1
clean,1
bullet,1
puppi,1
sunris,1
carousel,6
sunglass,2
blackchristma,1
sweeti,1
wireless,1
doorbel,1
lattic,6
neckl,4
bronz,1
smokey,2
d.o.f,1
pouri,1
windmil,5
pale,1
bea,1
mao,1
goos,4
bear,3
du,1
cosmet,1
flytrap,1
sunflow,2
butterfl,1
pouff,2
regatta,1
budah,1
wise,1
potion,1
masala,2
favourit,1
banquet,1
xmas,1
nut,2
basin,1
eau,5
tigri,1
eye,1
vinyl,1
las,4
vega,2
mould,4
voil,2
pointi,1
k,1
address,1
stool,5
photofram,2
jungl,2
popsicl,2
twine,1
rnd,1
str,1
strap,2
beauti,1
cd,2
gebra,1
shutter,1
seafood,1
compact,3
organis,7
magic,7
octagon,1
diva,1
chime,1
neckl.36,3
fold,1
edg,1
forti,1
blood,1
fish,2
gnome,4
coney,1
island,2
pompom,1
curtain,9
grass,2
mix,1
rosett,1
welcom,1
class,3
plaqu,2
popart,2
rect,2
sharpen,5
asst,2
tortilla,1
w/sucker,1
origami,4
incense/candl,4
opium,2
sandlewood,2
incense/cand,1
rococo,4
sprig,1
cage,1
strawbri,1
mosaic,3
goblet,2
highlight,1
kitten,1
silver/amethyst,1
slide,5
cartoon,1
vip,2
doc,1
russel,1
dad,2
scroll,1
marmalad,1
garld,2
neckl36,2
copper,7
turq,3
sunda,3
droplet,3
murano,9
twist,7
race,1
silouett,1
demi,1
choker,1
orbit,14
pastel,10
flow,2
beaten,3
charger,2
aperitif,2
spice,1
cannist,2
berti,4
steel,2
mr,1
vippassport,1
asstd,2
butterfly/cryst,1
w/chime,1
screwdriv,1
spacebal,1
mrs,1
princ,1
chalic,3
blackboard,2
ice,6
bum,1
roccoco,1
chandeli,4
fli,2
swat,2
sheep,1
fruitbowl,2
freshwat,1
pink/amethyst,1
teal/fuschia,1
botan,2
groovi,2
fruit+flow,1
blackblu,1
bus,1
enamel+glass,3
comb,5
diamond,3
incense+flow,1
fluffi,2
desk,1
mock,1
lobster,1
diamon,1
raspberr,1
lazer,1
amber,1
band,2
delphinium,2
white/pink,6
toybox,1
banner,1
m.o.p,6
cannabi,1
d,1
dark,1
dolphin,2
wheelbarrow,1
rake,1
frangipani,3
rosebud,6
chenill,1
box/12,1
ladl,2
wed,2
pink/flow,1
wast,1
carpet,1
bar,2
condiment,1
hilda,1
congratul,1
icon,3
elvi,2
drawstr,1
hare,1
gordon,1
pool,1
sister,1
citrus,1
beetl,1
crystal+glass,3
resin,2
cruso,1
veget,1
flore,1
ridg,1
doiley,18
multicol,1
blond,1
glass/silv,3
hunt,3
start,3
rasta,2
key-chain,1
back,1
hen+chick,2
petal,2
candystuft,1
st,4
georg,4
savannah,1
hamper,2
barn,1
red/cream,1
r,1
sued,2
oyster,1
flame,2
lens,1
support,1
g,1
ceram,2
rectangular,1
unit,2
ivi,1
briar,1
s/2,1
gold/m.o.p,1
silver/m.o.p,1
roman,1
peach,2
bazaar,1
tranquil,1
gauz,2
radio,2
buddha,1
pet,1
revolutionari,1
tie,4
jade,2
cluster,7
sea,2
windchim,1
pom-pom,1
vint,3
carry-al,1
blue/nat,1
silver/nat,1
hopper,1
pole,2
mont,2
carlo,2
wallet,13
meadow,1
transport,1
calm,9
giraff,1
revolv,1
pill,2
ticket,1
dotcomgiftshop,1
raspberri,2
berri,1
scallop,1
bling,1
riviera,2
heaven,1
fragranc,1
anemon,1
allium,1
artifici,1
buffalo,4
bill,5
pastri,1
dollcraft,4
nicol,1
mother,1
corer,1
tripl,5
acapulco,6
mat,7
live,1
jean-paul,1
bull,2
open,1
guitar,1
ol,1
p,1
splodg,1
purple/turq,1
hole,1
punch,1
bonbon,1
ameli,1
gem,1
geometr,1
lt.blue,1
sanskrit,1
/,1
turquoi,1
kukui,2
coconut,2
lip,3
gloss,3
red/blu,1
flower/butterfli,1
mummi,1
cupboard,1
hibiscus,1
nativ,1
silver/black,1
goldi,1
hurrican,1
backpack,5
mop,1
yellow/orang,1
hardman,1
aluminium,1
parlour,6
barrel,1
mari,3
antoienett,1
miniatur,1
gel,1
cote,1
d'azur,1
tropez,1
tone,1
page,1
run,1
laser,1
tong,1
come,1
strainer,2
zinc/glass,1
point,13
snow,4
cinderella,1
minitur,1
antoinett,2
l,2
sequin,1
spliff,1
bundl,4
exercis,2
note,1
suppli,1
parisienn,5
chic,1
secret,3
bedsid,2
dispens,3
bon,4
montan,1
gerden,1
housework,1
y,1
peoni,3
stiletto,1
flowr,1
capiz,1
quartz,1
braclet,1
lt,1
laurel,2
rock,1
olli,1
beak,1
ghost,1
disc/mirror,1
willi,3
icicl,2
push,1
e,1
knack,7
gymkhana,2
hold,1
bubblegum,1
h,1
sleigh,1
trim,3
list,6
mid,1
spike,2
meter,1
donkey,1
perfum,1
elixir,1
songbird,2
crackl,4
glaze,5
tonic,1
doorknob,4
bonn,4
sword,1
dispos,1
handl,1
hexagon,1
notepad,2
refectori,3
reto,1
madelin,1
mark,1
hens+flow,1
sucker,4
cracker,3
brass,1
hairslid,3
loaf,1
w/suck,1
tablecloth,1
bili,1
poster,1
park,7
ceatur,2
forest,4
branch,1
pink/blu,1
frill,1
adult,1
jampot,2
sex,1
stuff,1
bubbl,1
patchwork,1
utensil,1
teddy/cak,1
dotcom,1
franc,1
foot,1
bonheur,1
botaniqu,2
sweeet,1
pant,1
maker,2
grinder,2
linen,3
spatula,1
whisk,1
toilett,1
chambr,1
le,1
draw,1
carri,1
jubile,1
rebecca,1
rachel,1
susi,1
rucksack,4
peridot,1
sophi,1
clair,1
blk/whit,1
villa,5
dovecot,2
bicycl,7
saftey,2
stop,2
licenc,2
haven,1
ahoy,2
natur,2
show,2
centuri,1
modern,1
work,1
basebal,2
boot,2
feed,1
station,1
safeti,1
metr,1
triobas,2
feeder,2
henrietta,3
carrier,1
helga,1
heidi,1
resolut,1
landmark,6
bridg,1
oxford,1
street,2
baker,1
hill,1
town,1
miror,1
decrotivevintag,1
pick,1
naught,1
cross,2
blueberri,1
fondant,1
chrome,1
sil't,1
squ,1
crome,1
candle+incens,1
panetton,3
czech,1
punctur,1
countri,1
f,1
o,1
t,1
z,1
birdi,1
